"Timestamp","What is your age ? ","What is your gender?","What level of education are you currently pursuing?","Do you prefer studying soft materials or hard materials?","Which subjects do you prefer studying with hard materials, and which ones with soft materials? [hard materials ]","Which subjects do you prefer studying with hard materials, and which ones with soft materials? [soft materials]","Which option is the easiest for getting your material? ","What soft materials or digital tools do you prefer?","What specific hard materials do you prefer?","What are your preferred methods for customizing study materials?","Do you find it expensive to use hard materials? ","How important is it to reach your study materials from different devices? (e.g., computer, phone) ? ","When using study materials, do you often find yourself getting distracted by other things, such as 
 social media or anything else
 Note : 0 for Not At All 4 for Extremely distracted,
? [soft materials]","When using study materials, do you often find yourself getting distracted by other things, such as 
 social media or anything else
 Note : 0 for Not At All 4 for Extremely distracted,
? [hard materials]","Which study materials help you to keep your materials for long time ","How often do you experience problems with your soft study materials (like device issues or software problems)?","How often do you face problems with your physical study materials, like book damage or notebook wear and tear?","Do study materials play a role on time saving, and if yes, which types are most effective?","How would you rate the storage or space-related challenges specific to soft study materials ?","Do you find any differences in how well you remember and understand information when using hard or soft study materials? If yes, please explain.","Which type of study materials offers more flexibility in terms of study location and timing: soft or hard?

Note: 0 for No Flexibility , 4 for Extremely Flexibility [soft materials]","Which type of study materials offers more flexibility in terms of study location and timing: soft or hard?

Note: 0 for No Flexibility , 4 for Extremely Flexibility [hard materials]","How would you rate the storage or space-related challenges specific to hard study materials, considering factors such as the amount of space they occupy at home ?","Do you typically prefer to study in an indoor or outdoor environment? ","What study materials are more suitable to study in your preferred environment (indoor/outdoor)?","Why do you find this format to be more suitable for your preferred study environment?","How much flexibility do you have in customizing your study materials to match your specific learning preferences and requirements
Note: 0 for No Flexibility , 4 for Extremely Flexibility? [Soft Materials]","How much flexibility do you have in customizing your study materials to match your specific learning preferences and requirements
Note: 0 for No Flexibility , 4 for Extremely Flexibility? [Hard Materials]","Any additional information about soft vs hard study materials ?"
"2024/03/18 11:49:33 pm EET","21","Female","Third Year","Both","Science;Mathematics;Linguistics","Science;Mathematics;Linguistics;Literature;design;programming;theoretical subjects;practical subjects","soft materials","Laptop and tablet ","Paper notebooks","Draw a simple mind map on paper;Write down important information on small cards;Create a timeline using digital tools;Use online quiz-making platforms;Using a website to generate flashcards ","Yes","3","3","1","Both","1","2","Hard Materials","1","No","3","1","3","Indoor","Soft materials","Because hard material would be heavy to carry in case that I decide to study many fields , that's why soft materials would be easier to use anywhere and anytime without suffering from pack pain","3","3",""
"2024/03/18 11:51:36 pm EET","21","Female","Third Year","Soft materials","Science;Mathematics;theoretical subjects","programming;practical subjects","soft materials","Laptop","Paper notebooks","Draw a simple mind map on paper","Yes","3","4","3","Soft materials","1","4","Soft Materials","2","no ","4","2","4","Indoor","Soft materials","easy to carry ","4","4",""
"2024/03/18 11:55:20 pm EET","20","Female","Second Year","Soft materials","Mathematics;design;practical subjects","Science;Linguistics;Literature;programming;theoretical subjects","soft materials","Laptop","Paper notebooks","Draw a simple mind map on paper","Yes","4","4","1","Soft materials","2","1","Hard Materials","2","Yes, hard materials make me remember more","4","2","2","Indoor","Hard materials","Writing and reading from a hard material make me concentrate ","3","2",""
"2024/03/18 11:57:37 pm EET","21","Female","Second Year","Both","Science;Mathematics;Literature;practical subjects","Linguistics;programming;theoretical subjects","soft materials","Laptop","Paper notebooks","Draw a simple mind map on paper","No","3","4","3","Hard materials","1","2","Hard Materials","3","Writing , using pens and colors help me remind information faster","3","2","2","Indoor","Soft materials","Internet is not available everywhere","3","3",""
"2024/03/18 11:57:56 pm EET","20","Female","Third Year","Both","Science;Linguistics;Literature;programming;theoretical subjects","Mathematics;practical subjects","soft materials","Laptop","Paper notebooks","Write down important information on small cards","No","2","3","2","Hard materials","2","2","Hard Materials","0","No","4","2","2","Indoor","Hard materials","Because it helps me focus for a longer time","2","2",""
"2024/03/19 12:17:29 am EET","21","Female","Third Year","Both","Mathematics;Linguistics;Literature;theoretical subjects","Science;design;programming;practical subjects","soft materials","Laptop","Paper notebooks","Write down important information on small cards","No","1","4","2","Both","2","1","Soft Materials","3","Yes , hard materials better ","3","1","2","Indoor","Hard materials","Make me more focused","3","2",""
"2024/03/19 12:18:07 am EET","20","Male","Third Year","Both","Mathematics","Science","soft materials","Laptop","Paper notebooks;Sticky notes","Draw a simple mind map on paper;Write down important information on small cards","Yes","4","3","2","Both","2","1","Both","3","No difference ","4","3","2","Indoor","Soft materials","Studying different subject with the same device ","3","3","No"
"2024/03/19 2:09:45 am EET","21","Female","Third Year","Hard materials","Science;Mathematics;programming;practical subjects","Linguistics;Literature;design;theoretical subjects","soft materials","Laptop","Paper notebooks","Draw a simple mind map on paper;Write down important information on small cards","No","4","4","2","Both","1","1","Soft Materials","3","I remember better when I write the information on a paper and a simple mind map ","4","2","2","Indoor","Hard materials","When I solve maths problems I like listening to music and while saving notes ","3","4","No"
"2024/03/19 3:10:14 am EET","20","Female","Third Year","Hard materials","Science;Mathematics;design;practical subjects","Literature;programming;theoretical subjects","soft materials","Laptop","Paper notebooks;Sticky notes","Write down important information on small cards;Create a timeline using digital tools","Yes","2","4","1","Both","2","2","Soft Materials","2","soft , once i forget my laptop , i can't get material ","4","2","2","Indoor","Hard materials","Just like hard material","1","3",""
"2024/03/19 3:44:28 pm EET","21","Female","Third Year","Hard materials","Science;Mathematics;practical subjects","Linguistics;Literature;design;programming;theoretical subjects","soft materials","Tablet","Paper notebooks;Sticky notes","Draw a simple mind map on paper;Write down important information on small cards;Summarise the content","Yes","4","4","2","Soft materials","2","4","Hard Materials","4","Yes, Hard materials helps me to remember better, highlighting the important and adding notes to it","2","4","4","Outdoor","Hard materials","Because it is more easy to take my books outdoor than my tablet and does not need internet connection","2","4","Hard materials are more flexible and practically easy to study with it"
"2024/03/19 4:13:11 pm EET","21","Female","Third Year","Soft materials","Science;theoretical subjects","Linguistics;design;programming","soft materials","Laptop","Paper notebooks","Draw a simple mind map on paper;Write down important information on small cards","Yes","1","1","1","Both","0","2","Soft Materials","2","no","4","1","3","Indoor","Soft materials",".","4","2","no"
"2024/03/19 4:34:27 pm EET","18","Female","Third Year","Both","Science;Mathematics;Literature;practical subjects","Mathematics;Linguistics;Literature;design;programming;theoretical subjects","hard materials","Laptop","Paper notebooks","Draw a simple mind map on paper;Create a timeline using digital tools","No","3","3","2","Hard materials","1","2","Hard Materials","1","No","3","2","3","Indoor","Hard materials",".","2","2","."
"2024/03/19 4:39:03 pm EET","22","Female","Fourth Year","Both","Science;Mathematics;design;programming;theoretical subjects;practical subjects","Science;Linguistics;Literature;programming","both","Laptop","Paper notebooks","Draw a simple mind map on paper","No","3","4","1","Both","2","1","Hard Materials","3","Yes, using hard materials help me to remember well and I find that more effective than soft ones ","3","2","2","Indoor","Hard materials","I like staying using books more than looking at my laptop for a long time ","2","2","No that‚Äôs enough thank you "
"2024/03/19 5:37:43 pm EET","20","Female","Third Year","Soft materials","Science;Mathematics;programming;theoretical subjects","Linguistics;Literature;design;practical subjects","soft materials","Laptop","Sticky notes","Create a timeline using digital tools","Yes","2","0","4","Hard materials","2","2","Hard Materials","2","No","4","2","2","Indoor","Soft materials","ƒ∞t's useful for me ","3","2","No"
"2024/03/19 6:02:12 pm EET","21","Female","Third Year","Soft materials","Mathematics;Linguistics;Literature","Science;design;programming;theoretical subjects;practical subjects","hard materials","Laptop","Paper notebooks","Create a timeline using digital tools","No","3","3","2","Hard materials","2","2","Soft Materials","2","Yes I remember informations more if the material are hard","2","2","1","Indoor","Soft materials","Because I am looking for more comfort and a familiar place","3","2","The two types are important, but each has its advantages. ‚ÄúSoft‚Äù is more practical, but ‚Äúhard‚Äù makes the information more stable and not easily forgotten."
"2024/03/19 6:03:12 pm EET","20","Male","Third Year","Soft materials","Mathematics","Science;Linguistics;Literature;design;programming;theoretical subjects;practical subjects","soft materials","Laptop","Paper notebooks","Draw a simple mind map on paper;Create a timeline using digital tools","Yes","2","4","2","Hard materials","0","3","Soft Materials","1","Yes, hard is more rememberable.","4","2","2","Outdoor","Hard materials","More rememberable.","3","4","No"
"2024/03/19 6:04:05 pm EET","20","Female","Third Year","Both","Science;Mathematics;Linguistics;programming;practical subjects","Literature;design;programming;theoretical subjects","soft materials","Laptop","Paper notebooks","Draw a simple mind map on paper","Yes","3","2","0","Hard materials","2","0","Soft Materials","2","Yes using hard materials it stays longer .","2","4","0","Indoor","Hard materials","Because it is more available indoors","2","2","No"
"2024/03/19 6:04:27 pm EET","23","Male","Third Year","Soft materials","Science","Mathematics;Linguistics;practical subjects","soft materials","Laptop","Paper notebooks","Draw a simple mind map on paper;Create a timeline using digital tools;Use online quiz-making platforms","Yes","4","4","1","Soft materials","2","2","Soft Materials","3","yeah I remember more in soft study material. because It makes the information easier to find and better to learn for me.","4","1","3","Indoor","Soft materials","I prefer the quite and comfortable place to study.","3","1","No "
"2024/03/19 6:07:28 pm EET","21","Male","Third Year","Hard materials","Science;Mathematics;Linguistics;Literature","design;programming;theoretical subjects;practical subjects","soft materials","Laptop","Paper notebooks","Write down important information on small cards;Create a timeline using digital tools","Yes","3","4","1","Soft materials","1","1","Hard Materials","0","Yes, hard material is easier to memorize ","4","2","4","Outdoor","Soft materials","Easier to bring with me outside","0","0",""
"2024/03/19 6:47:08 pm EET","21","Male","Third Year","Both","Mathematics;practical subjects","Science;programming;theoretical subjects","soft materials","Laptop","Paper notebooks","Write down important information on small cards","No","2","2","0","Both","1","0","Soft Materials","0","Yes , when you write in hard materials it is help to remember the material","3","1","0","Indoor","Soft materials","Because i love indoor ","2","2","Nop"
"2024/03/19 6:50:49 pm EET","21","Male","Third Year","Both","Science;Mathematics;Linguistics;design;programming;theoretical subjects;practical subjects","Linguistics;Literature;theoretical subjects;practical subjects","soft materials","PC","Paper notebooks","Write down important information on small cards","Yes","2","4","1","Hard materials","1","0","Both","0","no","3","2","0","Indoor","Soft materials","it's both  soft and hard actually ","2","4",""
"2024/03/19 6:52:55 pm EET","22","Female","Third Year","Soft materials","Science","Science","soft materials","Laptop","Sticky notes","Create a timeline using digital tools","Yes","4","1","3","Soft materials","1","1","Soft Materials","1",".","3","1","2","Outdoor","Soft materials","being focused ","1","2",". "
"2024/03/19 6:55:37 pm EET","22","Male","Third Year","Hard materials","Science;Mathematics;Literature;theoretical subjects;practical subjects","Linguistics;design;programming","soft materials","Laptop","Paper notebooks","Draw a simple mind map on paper;Write down important information on small cards","Yes","1","4","1","Hard materials","1","1","Hard Materials","2","No ","3","1","2","Indoor","Hard materials","Help me to be concerned ","3","0",""
"2024/03/19 7:16:40 pm EET","19","Male","Second Year","Soft materials","Linguistics","Linguistics","hard materials","PC","Paper notebooks;","Draw a simple mind map on paper;Write down important information on small cards;Create a timeline using digital tools;Use online quiz-making platforms","Yes","0","3","3","Soft materials","1","1","Soft Materials","1","No","3","3","2","Indoor","Soft materials","Okay","3","3","No"
"2024/03/19 7:22:38 pm EET","20","Male","Second Year","Both","Science;Mathematics;Linguistics","Science;Mathematics;Linguistics","both","Laptop","Paper notebooks","Use online quiz-making platforms","Yes","2","4","1","Both","2","2","Both","2","555","4","1","2","Indoor","Soft materials","55","4","2","55"
"2024/03/19 7:23:12 pm EET","20","Female","Third Year","Both","Science;Mathematics;Literature;theoretical subjects","Linguistics;design;programming;practical subjects","soft materials","Laptop","Paper notebooks;Sticky notes","Draw a simple mind map on paper;Write down important information on small cards;Create a timeline using digital tools;Use online quiz-making platforms","No","2","2","4","Soft materials","2","1","Soft Materials","1","No","2","4","2","Indoor","Hard materials","It's more flexible ","4","2","No"
"2024/03/19 7:25:53 pm EET","22","Female","Fourth Year","Both","Science;Mathematics","Linguistics","soft materials","Laptop","Paper notebooks","Write down important information on small cards","Yes","0","4","3","Both","1","0","Soft Materials","2","Yes, information got from hard materials stick well in my mind.","4","2","2","Indoor","Hard materials","Cause hard materials do not cause as much physical harm as soft ones do","3","4",""
"2024/03/19 7:25:57 pm EET","18","Female","First Year","Hard materials","practical subjects","Science","soft materials","Laptop","Sticky notes","Draw a simple mind map on paper","No","2","4","1","Hard materials","2","0","Hard Materials","2","yes hard matrials could be memorizable","4","2","3","Indoor","Hard materials","it makes me more focused","2","3","no"
"2024/03/19 7:29:14 pm EET","20","Female","Third Year","Hard materials","Science","practical subjects","soft materials","Laptop","Sticky notes","Write down important information on small cards","No","0","2","0","Soft materials","0","1","Soft Materials","0","I can remember more information with hard matireals","1","1","3","Indoor","Soft materials","It is easier and more comfortable ","3","2",""
"2024/03/19 7:30:21 pm EET","20","Female","Third Year","Hard materials","Mathematics;Literature;practical subjects","design;programming;theoretical subjects","soft materials","Laptop","Paper notebooks","Write down important information on small cards","No","2","4","1","Hard materials","1","0","Hard Materials","3","Hard study materials facilitate understanding and remembering much more , cuz when we write we memorize better","4","2","1","Indoor","Hard materials","Less distraction from social media","2","2",""
"2024/03/19 8:06:30 pm EET","21","Female","Third Year","Both","Science","Mathematics","soft materials","Laptop","Paper notebooks","Draw a simple mind map on paper","Yes","4","3","1","Both","2","3","Hard Materials","2","No","3","2","2","Indoor","Hard materials","Easy on the eye and tactile","2","2","No"
"2024/03/19 8:09:15 pm EET","21","Female","Third Year","Both","Science;Mathematics;Literature;design;theoretical subjects","Linguistics;programming;practical subjects","both","Laptop","Paper notebooks","Draw a simple mind map on paper;Write down important information on small cards","No","1","1","3","Soft materials","2","2","Soft Materials","1","Yes because writing is perfect to remember informations ","3","2","2","Indoor","Hard materials","To remember ","2","1",""
"2024/03/19 8:12:17 pm EET","20","Female","Second Year","Both","Mathematics","Mathematics","both","Tablet","Paper notebooks","Create a timeline using digital tools","Yes","1","1","2","Both","2","3","Soft Materials","1","No","2","1","1","Indoor","Soft materials","I don't know","1","2","No"
"2024/03/19 8:16:11 pm EET","22","Female","Fourth Year","Hard materials","Science;Mathematics;Linguistics;Literature;theoretical subjects;practical subjects","design;programming","soft materials","Laptop","Paper notebooks;Sticky notes","Write down important information on small cards","Yes","3","3","2","Both","2","2","Hard Materials","2","Yes I remember more from hard","3","1","2","Indoor","Soft materials","‚Ä¶","3","1","No"
"2024/03/19 8:25:58 pm EET","21","Female","First Year","Hard materials","design","design","soft materials","Tablet","Paper notebooks","Draw a simple mind map on paper;Use online quiz-making platforms","No","3","4","3","Soft materials","1","0","Hard Materials","4"," No","4","4","1","Outdoor","Hard materials","Soft  materials","4","4","No"
"2024/03/19 8:26:44 pm EET","20","Female","Second Year","Both","Science;Mathematics","Linguistics","both","Tablet","Paper notebooks","Write down important information on small cards;Create a timeline using digital tools","Yes","3","2","1","Soft materials","0","2","Soft Materials","1","No","2","1","2","Indoor","Soft materials","I don't know","3","1","No"
"2024/03/19 8:33:14 pm EET","20","Male","Third Year","Hard materials","Science","Science","both","Laptop","Paper notebooks;Sticky notes","Draw a simple mind map on paper","Yes","2","2","2","Both","3","1","Both","4","No","4","2","0","Indoor","Soft materials",".","1","3","No"
"2024/03/19 8:48:33 pm EET","21","Female","Third Year","Both","Science;Mathematics;programming;theoretical subjects;practical subjects","Linguistics;Literature;design;programming;theoretical subjects;practical subjects","soft materials","Tablet","Paper notebooks","Write down important information on small cards;Create a timeline using digital tools","Yes","3","4","2","Both","2","2","Hard Materials","2","No","2","2","4","Indoor","Hard materials",".","2","2",""
"2024/03/19 9:21:39 pm EET","21","Male","Third Year","Both","Science;Mathematics;theoretical subjects;practical subjects","Science;design;programming;theoretical subjects","both","Laptop","Paper notebooks;books","Create a timeline using digital tools;using small notebooks","Yes","4","3","0","Both","1","2","Soft Materials","3","yes, memory after studying from hard materials last longer ","3","2","2","Indoor","Hard materials","because i like it more","3","2",""
"2024/03/19 9:39:31 pm EET","20","Female","Third Year","Both","Linguistics","Science","both","Laptop","Paper notebooks","Draw a simple mind map on paper;Write down important information on small cards;Create a timeline using digital tools","Yes","4","1","1","Both","2","2","Both","2","Yes","2","2","2","Outdoor","Hard materials","My fav environment to Study makes me feel more focused ","2","2",""
"2024/03/19 9:49:27 pm EET","23","Male","Third Year","Hard materials","Science;Mathematics;theoretical subjects;practical subjects","Science;design;programming","hard materials","Tablet","Paper notebooks","Create a timeline using digital tools","Yes","2","4","1","Hard materials","2","1","Hard Materials","2","Yes,
When i use hard material i find it easy to mark the page and check it later and i memorize the look of the page itself,
But with the digital materials most of the time it's deleted and I find it difficult to recalled the materials","4","1","2","Indoor","Hard materials","Cuz I can handle it in indoor","1","3","If we fixes the problem of soft materia which is
1)the distraction of social media (we can fix it by a device like kindl)
2)the strong
3)the flexibility
It would be better than hard material "
"2024/03/19 10:21:04 pm EET","20","Female","Third Year","Both","Science;Mathematics;theoretical subjects","Linguistics;Literature;design;programming;practical subjects","soft materials","Tablet","Paper notebooks","Draw a simple mind map on paper;Write down important information on small cards","Yes","4","4","0","Both","3","2","Both","3","Yes 
When I use soft study materials always I  scattered by social media and I wast more time than hard study materials but, sometimes I prefer to use soft in study which have a lot of pictures or practical things ","4","2","4","Indoor","Hard materials","Because some of my subjects I study require hard materials ","3","3",""
"2024/03/19 10:28:38 pm EET","20","Female","Third Year","Both","Science;Mathematics","design;programming","both","Laptop","Paper notebooks;Sticky notes","Draw a simple mind map on paper;Write down important information on small cards;Use online quiz-making platforms","Yes","3","4","0","Both","2","2","Both","2","yes , as i only have pencil & paper for studying so i didnt distuirbed but the hard one i have alot in front of me .","4","4","1","Indoor","Soft materials","as i will have so comfortable mind. ","4","2",""
"2024/03/19 10:46:10 pm EET","21","Female","Third Year","Hard materials","Mathematics;Linguistics;theoretical subjects","design;programming","soft materials","Laptop","Paper notebooks","Draw a simple mind map on paper;Write down important information on small cards","Yes","4","3","1","Both","2","1","Hard Materials","1","Yes, studying using hard material is more effective for remembering and understanding information.","4","3","1","Indoor","Hard materials","I found both are suitable, but hard materials are a little bit suitable because I feel more comfortable in home to use it. ","3","3","Sometimes it depends on time, soft material does not need much time like hard material."
"2024/03/19 11:43:05 pm EET","21","Female","Third Year","Soft materials","Mathematics;practical subjects","Science;Linguistics;Literature;design;programming;theoretical subjects;practical subjects","soft materials","Laptop","Paper notebooks","Draw a simple mind map on paper;Write down important information on small cards","Yes","4","3","2","Soft materials","1","0","Soft Materials","4","No","3","1","0","Indoor","Soft materials",".
","3","2",""
"2024/03/20 1:04:26 am EET","22.","Female","Third Year","Soft materials","Science","Mathematics","soft materials","Laptop","","Create a timeline using digital tools","Yes","4","1","2","Both","0","1","Hard Materials","4","No","2","2","0","Outdoor","Hard materials","T","0","3","Softt"
"2024/03/20 1:53:27 am EET","21","Female","Third Year","Hard materials","Science;Mathematics;Linguistics;Literature;theoretical subjects","design;programming;practical subjects","soft materials","Tablet","Books","Write down important information on small cards","No","1","4","3","Hard materials","1","1","Soft Materials","2","Yes, i find hardaterials easier to remember","3","2","2","Indoor","Hard materials","It's easy to have hard materials at home","3","4",""
"2024/03/20 3:08:12 am EET","21","Female","Fourth Year","Both","Mathematics","Science;Linguistics;Literature;design;programming;theoretical subjects;practical subjects","soft materials","Laptop","Paper notebooks","Write down important information on small cards;Use online quiz-making platforms","Yes","4","4","2","Both","2","1","Soft Materials","4","No","4","3","1","Indoor","Soft materials",". ","3","3",""
"2024/03/20 4:40:43 am EET","22","Female","Fresh Graduate","Soft materials","Mathematics;practical subjects","Science;Linguistics;programming;theoretical subjects","soft materials","Laptop","Paper notebooks;Sticky notes","Draw a simple mind map on paper","Yes","3","3","2","Both","1","1","Soft Materials","3","No","3","2","4","Indoor","Soft materials","Both are suitable but soft materials are my first option when studying","3","1",""
"2024/03/20 6:11:25 am EET","20","Male","Second Year","Soft materials","Mathematics;design","Science;Mathematics;Linguistics;Literature;design;programming;theoretical subjects;practical subjects","soft materials","Laptop","","Create a timeline using digital tools;Use online quiz-making platforms","Yes","4","1","1","Soft materials","1","2","Soft Materials","0","Yes, there's a small difference ... When i use the soft materials i feel like remembering more in less time ","4","2","3","Indoor","Soft materials","Easy to access from all my devices and I am always connected to search and learn about anything which i have difficulty in understanding it . ","4","2",""
"2024/03/20 11:49:10 am EET","19","Female","Second Year","Soft materials","Literature;practical subjects","Science;Mathematics;Literature;design;programming;theoretical subjects","soft materials","Tablet","Paper notebooks","Write down important information on small cards;Use online quiz-making platforms","No","4","0","0","Both","1","2","Soft Materials","1","N/A","4","4","2","Indoor","Soft materials","Accessible ","4","4","N/A"
"2024/03/20 10:16:00 pm EET","21","Male","Third Year","Hard materials","Science;Mathematics;Linguistics","Linguistics;Literature;design;programming;theoretical subjects;practical subjects","hard materials","Laptop","Paper notebooks","Draw a simple mind map on paper","No","3","3","1","Both","1","1","Hard Materials","0","Using hard material helping me more. handwriting is most effective way for me ","4","2","0","Indoor","Hard materials","because it need more space ","3","3","No"
"2024/03/20 11:20:28 pm EET","20","Female","Second Year","Soft materials","Mathematics;Linguistics;Literature","programming;theoretical subjects","soft materials","Tablet","","Create a timeline using digital tools","Yes","4","3","0","Soft materials","1","2","Soft Materials","3","the same","3","2","4","Indoor","Soft materials","doesn't require more than one object to start studying","3","2",""
"2024/03/20 11:25:02 pm EET","19","Female","Second Year","Soft materials","Science;Mathematics;Linguistics;Literature;design;programming;theoretical subjects;practical subjects","Science;Mathematics;Linguistics;Literature;design;programming;theoretical subjects;practical subjects","soft materials","Laptop","Paper notebooks","Write down important information on small cards;Create a timeline using digital tools","Yes","4","4","1","Hard materials","0","1","Hard Materials","0","Only in mathematical and programming languages,  because these languages need practice and just studying them using my eyes won't work ","4","2","3","Outdoor","Soft materials","It's easily portable","4","3",""
"2024/03/21 12:04:12 am EET","20","Female","Second Year","Both","Science;Mathematics;programming;theoretical subjects","Linguistics;Literature;design;practical subjects","soft materials","Laptop","Paper notebooks","Draw a simple mind map on paper;Write down important information on small cards","Yes","4","1","2","Hard materials","0","3","Hard Materials","3","I remeber well when studying using hard matetials becuase I made bigger effort","4","1","3","Indoor","Hard materials","it is quiet ","2","2",""
"2024/03/21 12:26:25 am EET","20","Male","Second Year","Soft materials","Linguistics;Literature;theoretical subjects","Science;Mathematics;programming;practical subjects","soft materials","PC","Paper notebooks","Draw a simple mind map on paper","Yes","4","2","4","Soft materials","0","1","Soft Materials","0","No","4","2","4","Indoor","Soft materials","I have alot of devices and no books","2","4",""
"2024/03/21 12:33:34 am EET","20","Female","Second Year","Soft materials","Science;Literature;theoretical subjects;practical subjects","Mathematics;Linguistics;design;programming","soft materials","Laptop","Paper notebooks","Write down important information on small cards","Yes","2","3","1","Both","2","3","Hard Materials","1","No","4","2","0","Indoor","Soft materials","More easier and faster ","3","1","No"
"2024/03/21 12:49:28 am EET","20","Male","Second Year","Soft materials","Mathematics;Literature;practical subjects","Science;Linguistics;design;programming;theoretical subjects;practical subjects","soft materials","Laptop","Paper notebooks;Sticky notes","Draw a simple mind map on paper;Write down important information on small cards","No","3","3","3","Soft materials","0","1","Soft Materials","0","No","2","2","2","Indoor","Soft materials","It's just way more accessible and easier to download a pdf on my phone/laptop wherever and study from it, especially if you're low on time ","3","2",""
"2024/03/21 1:01:50 am EET","20","Female","Second Year","Soft materials","Science;Mathematics","Linguistics;Literature;programming","soft materials","Tablet","Paper notebooks","Draw a simple mind map on paper;Create a timeline using digital tools","Yes","3","4","3","Hard materials","1","1","Soft Materials","2","Not really.","2","4","1","Indoor","Soft materials","I'm just used to it.","3","1",""
"2024/03/21 1:09:44 am EET","20","Male","Second Year","Soft materials","design;programming;theoretical subjects;practical subjects","Science;Mathematics;Linguistics;Literature","soft materials","Tablet","Paper notebooks","Use online quiz-making platforms","Yes","3","1","3","Both","1","1","Hard Materials","2","Soft may be help me because it's select what I should study ","1","3","1","Indoor","Soft materials","Because help me relax ","1","3","No"
"2024/03/21 1:09:53 am EET","21","Male","Second Year","Both","Literature","Science;Mathematics;Linguistics;design;programming;theoretical subjects;practical subjects","soft materials","Laptop","Paper notebooks","Create a timeline using digital tools","No","3","4","2","Both","0","1","Soft Materials","0","I remember better when using hard materials ","4","1","2","Indoor","Soft materials",".","3","2",""
"2024/03/21 1:13:54 am EET","20","Female","Second Year","Both","Science;Mathematics;Linguistics;Literature;design","programming;theoretical subjects;practical subjects","both","Laptop","Paper notebooks","Draw a simple mind map on paper","No","2","2","2","Both","4","3","Both","2","Yes","2","2","2","Indoor","Soft materials","Well focus","3","3","No"
"2024/03/21 1:16:43 am EET","21","Female","Second Year","Both","Mathematics;Linguistics;Literature;theoretical subjects","Science;design;programming;practical subjects","soft materials","Laptop","Paper notebooks;Sticky notes","Draw a simple mind map on paper","Yes","2","3","0","Hard materials","1","1","Hard Materials","0","When using highlighters and underinging with pens and pencils is more effective ","0","3","4","Indoor","Soft materials","As it doesn't occupy so much space at home you don't have to carry so much books and notebooks everytime you're going to study ","4","1",""
"2024/03/21 1:40:06 am EET","19","Female","Second Year","Hard materials","Science;Mathematics;Linguistics;Literature;design;programming;theoretical subjects;practical subjects","Science","hard materials","Laptop","Paper notebooks;Sticky notes","Summarize information in my notebook ","No","2","2","1","Both","1","1","Hard Materials","0","Not really","2","1","2","Indoor","Hard materials","I finish things quicker ","2","2",""
"2024/03/21 2:00:47 am EET","21","Male","Second Year","Both","Science;Mathematics;Linguistics;Literature","design;programming;theoretical subjects;practical subjects","soft materials","Laptop","Paper notebooks","Draw a simple mind map on paper;Write down important information on small cards","Yes","3","4","1","Hard materials","1","2","Hard Materials","0","No ","4","2","1","Indoor","Hard materials","Saving time and feel like I want to study üòÖ","2","4",""
"2024/03/21 3:11:53 am EET","20","Female","Second Year","Soft materials","Mathematics","Science;Linguistics","soft materials","Laptop","Paper notebooks","Write down important information on small cards","Yes","3","2","3","Hard materials","2","1","Soft Materials","2","I think hard materials are better because you write down and highlight what‚Äôs important and what‚Äôs not","3","2","0","Indoor","Hard materials","I like to study indoor because I don‚Äôt want to get distracted and hard materials help me in that because most of the time I will concentrate in writing and highlighting","2","3","No"
"2024/03/21 3:45:12 am EET","21","Female","Third Year","Both","Science;Mathematics;Literature;theoretical subjects","Linguistics;design;programming;practical subjects","soft materials","Laptop","Paper notebooks","Write down important information on small cards;Create summaries using any text editor or note-taking app","Yes","3","4","3","Soft materials","2","1","Both","2","It's easier to remember hen you write by hand instead of just copy and paste.","3","3","3","Indoor","Hard materials","It's available","4","2",""
"2024/03/21 4:18:48 am EET","22","Male","Second Year","Both","Mathematics;Linguistics;Literature;theoretical subjects","Science;Mathematics;design;programming;practical subjects","soft materials","Laptop","Paper notebooks","Write down important information on small cards","Yes","3","4","1","Soft materials","1","2","Soft Materials","0","No difference","4","2","2","Indoor","Soft materials","It's easier and more convenient ","2","2",""
"2024/03/21 5:16:14 am EET","19","Male","Second Year","Hard materials","Science;Mathematics;theoretical subjects","programming;practical subjects","soft materials","PC","Paper notebooks","Draw a simple mind map on paper","Yes","2","4","1","Hard materials","2","1","Hard Materials","0","For sure the Hard material is better as topics are organized in one place you won‚Äôt open several books, remember the place of specific points as you saw it in the same place many time","2","3","2","Indoor","Hard materials","More concentration and isolation","2","2","Nope"
"2024/03/21 11:01:48 am EET","21","Female","Second Year","Soft materials","Mathematics;Linguistics;Literature;theoretical subjects","Science;design;programming;practical subjects","soft materials","Laptop","Paper notebooks","Draw a simple mind map on paper;Use online quiz-making platforms","Yes","4","4","1","Hard materials","2","0","Soft Materials","3","Yes, I memorize information more efficient through Hard study materials than soft materials as it is more reachable for me than soft, because all my soft materials depends on internet which is sometimes not available.Thus, I always write down what I learn from soft materials on my notebook. ","4","1","2","Indoor","Soft materials","To save more space, and it some how cheaper than hard materials ","4","1","No "
"2024/03/21 11:21:53 am EET","20","Female","Second Year","Hard materials","Mathematics;design;programming;practical subjects","Science;Linguistics;Literature;theoretical subjects","hard materials","Tablet","Paper notebooks","Draw a simple mind map on paper;Write down important information on small cards","Yes","1","4","0","Hard materials","3","2","Soft Materials","4","No","4","0","2","Indoor","Hard materials","to feel comfortable and keeping quiet ","4","0",""
"2024/03/21 12:40:00 pm EET","22","Female","Third Year","Hard materials","Science","Science","soft materials","Laptop","Paper notebooks","Write down important information on small cards","No","0","0","0","Both","0","0","Hard Materials","0",",","0","0","0","Outdoor","Soft materials",",","0","0","N"
"2024/03/21 3:42:41 pm EET","20","Male","Third Year","Soft materials","Linguistics;Literature","Science;Mathematics;design;programming;theoretical subjects;practical subjects","soft materials","Laptop","Paper notebooks","Draw a simple mind map on paper","Yes","4","3","2","Soft materials","1","2","Both","2","no","2","4","2","Indoor","Soft materials","Because I can research whenever and I can open multi windows with different topics on them.","4","2","Nah, I'd pass."
"2024/03/22 4:45:44 pm EET","20","Female","Second Year","Hard materials","Science;Mathematics;Literature;design;programming;theoretical subjects;practical subjects","Linguistics","soft materials","Tablet","Paper notebooks","Draw a simple mind map on paper;Write down important information on small cards","Yes","3","4","2","Both","2","1","Both","2"," ","4","3","2","Indoor","Hard materials"," .","2","4",""
"2024/03/23 9:27:09 pm EET","19","Female","Second Year","Soft materials","Mathematics;Linguistics;theoretical subjects;practical subjects","Science;Mathematics;Literature;design;programming","soft materials","Laptop","Paper notebooks","Draw a simple mind map on paper;Write down important information on small cards","No","4","4","1","Soft materials","1","2","Hard Materials","1","No","4","1","3","Indoor","Soft materials","Because am kinda messy so sometimes i don't find my notebooks so it's way easier to get it on my laptop ","2","3",""
"2024/04/01 4:24:34 pm EET","21","Female","Second Year","Both","Mathematics;theoretical subjects;practical subjects","Science;Linguistics;Literature;design;programming","soft materials","Laptop","Paper notebooks","Draw a simple mind map on paper;Create a timeline using digital tools","Yes","4","1","0","Soft materials","2","1","Soft Materials","2","no","4","2","3","Indoor","Soft materials","I can't take hard matirals with me everywhere","4","4",""
"2024/04/07 12:31:07 am EET","20","Female","Third Year","Both","Science;Mathematics;design;practical subjects","Science;Mathematics;Linguistics;Literature;design;programming;theoretical subjects;practical subjects","soft materials","Laptop","Paper notebooks;Sticky notes","Draw a simple mind map on paper;Write down important information on small cards;Making summaries using my own words","No","3","3","2","Soft materials","1","2","Both","1","Yes, using hard material such as taking notes help me in remembering and better understanding ","4","1","2","Indoor","Soft materials","It‚Äôs suitable for both","4","4",""
"2024/04/11 8:43:04 pm EET","21","Male","Third Year","Hard materials","Science;Mathematics;Linguistics;design;theoretical subjects","Literature;programming;practical subjects","soft materials","Laptop","Paper notebooks","Write down important information on small cards;Create a timeline using digital tools","Yes","3","3","1","Soft materials","2","2","Soft Materials","1","Yes, using hard material makes the content more rememberable. ","4","1","3","Indoor","Hard materials","It makes me remember the content better and also all hard material exist indoor. ","3","2",""
"2024/04/13 9:02:43 pm EET","21","Male","Third Year","Soft materials","theoretical subjects","Science;Mathematics;Linguistics;Literature;design;programming;practical subjects","soft materials","Laptop","Paper notebooks;Sticky notes","Draw a simple mind map on paper;Create a timeline using digital tools","Yes","4","4","0","Soft materials","1","2","Soft Materials","2","Yes, make subject more complex ","4","1","2","Indoor","Soft materials","Make me finish work faster","4","1","No"
"2024/04/13 9:42:48 pm EET","21","Male","Third Year","Soft materials","Mathematics","programming","soft materials","Laptop","Paper notebooks","Create a timeline using digital tools","No","1","3","2","Soft materials","2","0","Soft Materials","2","no","3","4","2","Indoor","Hard materials","explain diff bettwen advantage and disadvantage","2","4",""
"2024/04/13 9:46:29 pm EET","21","Female","Third Year","Hard materials","Mathematics;Linguistics;Literature","Science;design;programming;theoretical subjects;practical subjects","both","Laptop","Paper notebooks","Draw a simple mind map on paper","Yes","4","4","0","Hard materials","4","1","Hard Materials","2","No","3","1","1","Indoor","Soft materials","All things are available","4","2",""
"2024/04/13 9:58:29 pm EET","21","Female","Third Year","Hard materials","Science;Mathematics;Linguistics;Literature;programming;theoretical subjects;practical subjects","design;programming","soft materials","Tablet","Paper notebooks;Sticky notes","Write down important information on small cards;Create a timeline using digital tools;Use online quiz-making platforms","Yes","3","4","3","Hard materials","3","3","Both","4","Ni","3","3","4","Indoor","Hard materials","Comfortable ","3","3",""
"2024/04/13 10:01:32 pm EET","20","Female","Third Year","Soft materials","Science;Mathematics;design;programming;practical subjects","Linguistics;Literature;theoretical subjects","soft materials","Laptop","Paper notebooks","Draw a simple mind map on paper","No","3","2","2","Soft materials","1","2","Soft Materials","0","no","4","1","3","Indoor","Soft materials","it doesn't require a lot of space","3","2","no"
"2024/04/13 10:02:12 pm EET","21","Female","Third Year","Both","Mathematics","Linguistics","soft materials","Tablet","Paper notebooks","Draw a simple mind map on paper","No","2","3","0","Soft materials","2","0","Soft Materials","2","No","2","1","2","Indoor","Soft materials","Because it's general","0","3","No"
"2024/04/13 10:21:59 pm EET","21","Female","Third Year","Hard materials","Mathematics","Science","soft materials","Tablet","Paper notebooks","Draw a simple mind map on paper;Create a timeline using digital tools","Yes","3","3","0","Soft materials","1","3","Soft Materials","0","Understand more in hard","2","2","2","Indoor","Soft materials","Because resources available.","3","1","No"
"2024/04/13 10:22:26 pm EET","21","Female","Third Year","Soft materials","Mathematics;practical subjects","Science;Linguistics;Literature;design;programming;theoretical subjects","soft materials","Laptop","Paper notebooks","Draw a simple mind map on paper","Yes","4","3","0","Soft materials","2","4","Soft Materials","3","Yes, by soft materials we i can easily highlight the important points and write notes beside it","2","4","2","Outdoor","Hard materials","Because I can easily take my books or notebooks to study outdoor","4","4","Soft materials are more amazing for studying"
"2024/04/13 10:23:03 pm EET","20","Female","Second Year","Soft materials","Science","Linguistics","soft materials","Tablet","Paper notebooks","Draw a simple mind map on paper;Write down important information on small cards","No","2","2","1","Soft materials","2","1","Soft Materials","1","Yes","2","1","3","Indoor","Soft materials","So easy to use","1","2","Not found "
"2024/04/13 10:24:53 pm EET","22","Male","Fourth Year","Both","Linguistics;design","Science;Mathematics;Literature;programming;theoretical subjects;practical subjects","both","PC","Paper notebooks","Use online quiz-making platforms","Yes","2","4","4","Both","2","2","Both","2","No","3","3","2","Outdoor","Soft materials","Because it is suitable for me","2","2","No"
"2024/04/13 10:36:17 pm EET","21","Male","Third Year","Soft materials","theoretical subjects","design;programming","soft materials","Tablet","Paper notebooks","Draw a simple mind map on paper","Yes","2","1","1","Soft materials","1","2","Soft Materials","1","No","1","1","1","Indoor","Soft materials","No","1","1","No"
"2024/04/13 10:38:02 pm EET","21","Female","Third Year","Both","Science;Mathematics;Linguistics;design;programming;theoretical subjects;practical subjects","Science;Mathematics;Linguistics;Literature;design;programming;theoretical subjects;practical subjects","soft materials","Laptop","Paper notebooks","Write down important information on small cards","No","3","2","0","Hard materials","2","1","Hard Materials","3","In my opinion I prefer hard materials like paper notebooks as hard materials like tablet or laptop need to be charged a lot of times ","4","1","4","Indoor","Hard materials","As I could take my notebook in any time and at any place ","2","3","Wish you all the best in your lives "
"2024/04/13 10:38:48 pm EET","19","Female","Second Year","Both","Science;Mathematics;Linguistics;Literature","Science;Literature;design;programming;practical subjects","soft materials","Laptop","Paper notebooks","Draw a simple mind map on paper;Write down important information on small cards","No","3","3","1","Hard materials","1","0","Both","3","No","4","1","0","Indoor","Hard materials","I don't need to carry it to any place ","3","3",""
"2024/04/13 10:38:55 pm EET","21","Male","Third Year","Both","Mathematics","Linguistics","both","Laptop","Paper notebooks","Create a timeline using digital tools","Yes","3","1","2","Both","3","3","Both","3","No","1","2","3","Outdoor","Soft materials","Improves alot","2","1",""
"2024/04/13 10:46:22 pm EET","21","Female","Fourth Year","Both","Mathematics;Linguistics;Literature","Science;Mathematics;Linguistics;design;programming;theoretical subjects;practical subjects","soft materials","Tablet","Paper notebooks","Write down important information on small cards","No","3","3","2","Hard materials","2","0","Soft Materials","1","No","3","1","3","Indoor","Soft materials","Because i can access the lecture materials at any time","3","2",""
"2024/04/13 10:51:13 pm EET","20","Male","Third Year","Soft materials","Mathematics;design;theoretical subjects","Science;Linguistics;Literature;programming;practical subjects","soft materials","Tablet","Paper notebooks","Create a timeline using digital tools","Yes","4","3","1","Soft materials","0","1","Soft Materials","0","Yes , you are less prone to be distracted when studying using hard materials so you can focus better ","4","1","2","Indoor","Soft materials","accessibly","4","2",""
"2024/04/13 10:52:47 pm EET","20","Male","Second Year","Both","Science;Mathematics;Linguistics;Literature;programming;theoretical subjects","Science;Mathematics;design;programming;theoretical subjects;practical subjects","soft materials","PC","Books","Nothing in particular","Yes","4","4","2","Both","2","1","Hard Materials","1","No","4","1","1","Indoor","Soft materials","More accessibility ","4","2",""
"2024/04/13 10:56:50 pm EET","21","Female","Third Year","Soft materials","Mathematics;Linguistics;programming;theoretical subjects","Science;Linguistics;Literature;design;programming;practical subjects","soft materials","Laptop","Paper notebooks","Draw a simple mind map on paper;Write down important information on small cards","Yes","4","4","3","Hard materials","2","2","Hard Materials","0","No","4","2","2","Indoor","Soft materials","Good Wi-Fi, comfortable and noise-free place so I can focus when I study","4","2",""
"2024/04/13 11:10:50 pm EET","20","Female","Third Year","Both","Science;Literature;design;programming","Mathematics;Literature;design;programming;theoretical subjects","soft materials","Laptop","Paper notebooks;Sticky notes;Highlighters","Draw a simple mind map on paper;Write down important information on small cards","Yes","4","4","2","Both","2","2","Hard Materials","4","I do remember better information I get from hard material of study I guess because of lacking of disturbance so I can focused better","4","3","2","Indoor","Hard materials","It's just suitable ","2","3",""
"2024/04/13 11:25:51 pm EET","21","Female","Third Year","Both","Mathematics","Literature","both","Laptop","Sticky notes","Draw a simple mind map on paper;Write down important information on small cards","Yes","2","2","4","Both","3","4","Hard Materials","2","No","4","1","2","Indoor","Hard materials"," .","1","3","Noo"
"2024/04/13 11:28:27 pm EET","19","Female","Second Year","Both","Science;Mathematics;design;practical subjects","Linguistics;design;practical subjects","soft materials","Laptop","Paper notebooks","Draw a simple mind map on paper;Create a timeline using digital tools","No","4","4","2","Soft materials","2","3","Both","4","Hard material make you remember better than soft but if both together it's the best thing to remember info ","4","2","3","Indoor","Hard materials","I don't know how to explain ","4","3",""
"2024/04/13 11:31:37 pm EET","20","Male","Second Year","Both","Science;Linguistics","Science;Linguistics","hard materials","Laptop","Paper notebooks","Write down important information on small cards","Yes","3","0","0","Both","1","1","Both","2","„ÄÇ„ÄÇ„ÄÇ„ÄÇ„ÄÇ","0","1","1","Indoor","Hard materials","„ÄÇ„ÄÇ„ÄÇ","1","1","„ÄÇ„ÄÇ„ÄÇ"
"2024/04/13 11:39:20 pm EET","20","Female","Second Year","Hard materials","Literature;theoretical subjects;practical subjects","Science;Mathematics;Linguistics;design;programming","hard materials","Laptop","Paper notebooks;Sticky notes","Draw a simple mind map on paper","Yes","0","3","3","Hard materials","4","3","Both","3","hard materials","1","2","3","Indoor","Soft materials","Because it is easy to handle ","2","2","no"
"2024/04/13 11:41:33 pm EET","20","Female","First Year","Hard materials","Science;Mathematics;Linguistics;Literature;design;programming;theoretical subjects;practical subjects","programming;practical subjects","hard materials","PC","Paper notebooks;Sticky notes","Create a timeline using digital tools","Yes","1","4","3","Hard materials","4","4","Hard Materials","4","Yes, I find a difference. In hard study, I rely on writing, and this helps in remembering  ","4","4","0","Indoor","Hard materials","Because it is the least distracting","2","4",""
"2024/04/13 11:46:44 pm EET","21","Female","Third Year","Both","Linguistics;Literature;design","Science;Mathematics;Literature;programming","both","Laptop","Paper notebooks","Write down important information on small cards","Yes","3","1","2","Both","2","1","Both","2","Nah ","3","1","2","Indoor","Soft materials","Idk","0","3","Nah"
"2024/04/13 11:56:23 pm EET","21","Male","Third Year","Soft materials","theoretical subjects","Literature;design;programming;theoretical subjects;practical subjects","soft materials","Laptop","Paper notebooks;Sticky notes","Draw a simple mind map on paper;Create a timeline using digital tools","Yes","4","1","4","Soft materials","4","2","Soft Materials","2","No","4","1","2","Outdoor","Soft materials","Finish fast","4","2","No"
"2024/04/14 12:00:11 am EET","21","Male","Third Year","Soft materials","theoretical subjects","Science;Mathematics;Linguistics;Literature;design;programming;theoretical subjects;practical subjects","soft materials","Laptop","Paper notebooks;Sticky notes","Draw a simple mind map on paper;Create a timeline using digital tools","Yes","4","0","2","Soft materials","2","2","Soft Materials","1","No","4","1","2","Indoor","Soft materials","Finish fast","4","1","No"
"2024/04/14 12:13:55 am EET","21","Male","Third Year","Soft materials","theoretical subjects","Mathematics;Linguistics;Literature;design;programming;theoretical subjects;practical subjects","soft materials","Laptop","Paper notebooks;Sticky notes","Draw a simple mind map on paper;Create a timeline using digital tools","Yes","4","0","4","Soft materials","2","2","Soft Materials","0","No","4","0","0","Indoor","Soft materials","Finish fast","4","0","No"
"2024/04/14 12:17:36 am EET","21","Male","Third Year","Soft materials","theoretical subjects","Science;Mathematics;Linguistics;Literature;design;programming;practical subjects","soft materials","Laptop","Paper notebooks;Sticky notes","Draw a simple mind map on paper;Create a timeline using digital tools","Yes","4","0","2","","2","2","Soft Materials","1","No","4","1","2","Indoor","Soft materials","Finish fast","4","0","No"
"2024/04/14 12:30:14 am EET","21","Female","Third Year","Soft materials","Science;Mathematics;Linguistics;theoretical subjects;practical subjects","Literature;design;programming","soft materials","Laptop","Paper notebooks","Draw a simple mind map on paper;Write down important information on small cards;Create a timeline using digital tools","Yes","3","2","1","Soft materials","1","2","Soft Materials","1",".","0","2","2","Indoor","Hard materials",".","2","2","."
"2024/04/14 12:40:17 am EET","21","Female","Third Year","Both","Science;Mathematics;Linguistics;Literature;theoretical subjects;practical subjects","design;programming","soft materials","Laptop","Paper notebooks","Write down important information on small cards","Yes","2","4","0","Hard materials","1","4","Hard Materials","4","Hard helps to remember notes","2","3","4","Outdoor","Soft materials","Easy to take outside","2","2",""
"2024/04/14 12:52:20 am EET","20","Female","Third Year","Soft materials","Science;Mathematics;Linguistics;theoretical subjects","Literature;design;programming;practical subjects","soft materials","Laptop","Paper notebooks;Sticky notes","Use online quiz-making platforms","Yes","0","2","2","Hard materials","1","0","Soft Materials","0","No i don't find any difference in understanding when using hard or soft materials ","4","1","0","Indoor","Hard materials","Soft material ","4","1",""
"2024/04/14 12:52:24 am EET","21","Female","Fourth Year","Soft materials","Science;Linguistics;Literature;practical subjects","Mathematics;design","soft materials","Laptop","Paper notebooks","Write down important information on small cards","Yes","4","3","1","Soft materials","1","2","Soft Materials","2","No","2","0","2","Indoor","Soft materials","I can study by pc","2","1",""
"2024/04/14 12:52:53 am EET","23","Male","Third Year","Hard materials","Science","Mathematics","soft materials","PC","Paper notebooks","Write down important information on small cards","Yes","2","0","0","Hard materials","2","3","Hard Materials","2","Yes","2","2","3","Outdoor","Hard materials","Yes","2","2","No"
"2024/04/14 1:30:29 am EET","20","Female","Third Year","Both","Mathematics;practical subjects","Science;Linguistics;Literature;design;programming;theoretical subjects;practical subjects","both","Tablet","Paper notebooks;Sticky notes","Draw a simple mind map on paper;Create a timeline using digital tools;Use online quiz-making platforms","No","4","4","1","Soft materials","1","3","Soft Materials","0","No","4","2","3","Outdoor","Soft materials","Obviously i use both materials it doesn‚Äôt matter either it is soft material or hard material if i am studying outside","4","4","No"
"2024/04/14 1:56:23 am EET","18","Female","First Year","Hard materials","Science;Mathematics;programming;theoretical subjects","Linguistics","hard materials","Laptop","Sticky notes","Write down important information on small cards","No","2","2","2","Both","0","1","Hard Materials","2","..","0","2","2","Outdoor","Hard materials",".","1","2","."
"2024/04/14 2:48:53 am EET","21","Female","Third Year","Both","Mathematics;Linguistics","Science","both","Laptop","Sticky notes","Write down important information on small cards","No","3","1","2","Both","1","1","Both","1","No","1","2","1","Indoor","Soft materials",".","3","2",""
"2024/04/14 2:50:14 am EET","21","Female","Third Year","Both","Science;Mathematics;Linguistics;Literature;practical subjects","design;programming;theoretical subjects","soft materials","Laptop","Paper notebooks","Draw a simple mind map on paper;Create a timeline using digital tools","Yes","3","2","1","Soft materials","1","1","","2","It's more effective when using hard materials ","3","2","3","Indoor","Soft materials","Makes me more interested ","4","2",""
"2024/04/14 5:55:47 am EET","21","Male","Fourth Year","Soft materials","theoretical subjects","Science;Mathematics;Linguistics;Literature;design;programming;practical subjects","soft materials","Laptop","Paper notebooks;Sticky notes","Draw a simple mind map on paper;Create a timeline using digital tools","Yes","4","0","3","Soft materials","1","2","Soft Materials","1","No","4","1","2","Indoor","Soft materials","Finish fast","4","0","No"
"2024/04/14 8:11:37 am EET","20","Female","Third Year","Both","Science;Linguistics","Mathematics","soft materials","Laptop","Paper notebooks","Write down important information on small cards;Create a timeline using digital tools","No","2","3","1","Both","3","1","Hard Materials","2","No","0","3","2","Indoor","Hard materials","Hard materials","3","1","No"
"2024/04/14 8:26:13 am EET","19","Female","Second Year","Both","Science","Mathematics","soft materials","Tablet","Paper notebooks","Write down important information on small cards;Use online quiz-making platforms","Yes","1","1","3","Hard materials","1","2","Hard Materials","1","Yes","3","1","2","Indoor","Hard materials","No ","3","1","Nope"
"2024/04/14 8:39:20 am EET","19","Female","Second Year","Both","Science;Mathematics;Linguistics;theoretical subjects","Literature;design;programming;practical subjects","soft materials","Laptop","Normal books","Write down important information on small cards;Use online quiz-making platforms;","Yes","4","4","1","Soft materials","2","2","Both","3","Hard materials are often need someone to explain ..so I think it's good for memorizing info ..on the other hand if I use an app for doing something specific, it will make me remember it easily and will explain the Hard points I may don't understand ","3","3","0","Indoor","Soft materials","Because of my study, that depends on the dictionaries and the difference between the words ..so I use soft materials to reach the answers which I want ","2","3","Both are important, and I find that we won't depend on only one ofthem ..at least in the recent years "
"2024/04/14 12:14:17 pm EET","18","Female"," Senior two ","Hard materials","Science;Mathematics;Linguistics","design;programming","soft materials","Laptop","Paper notebooks","Write down important information on small cards;Create a timeline using digital tools","Yes","3","4","3","Hard materials","0","0","Hard Materials","1","No I remember & understand by the two ways but, soft material distracte me because I always open different things ","3","3","1","Outdoor","Hard materials","It just relax me and hard material make me focus more ","2","3",""
"2024/04/14 1:03:34 pm EET","18","Female","Third Year","Both","Science;Mathematics;practical subjects","Linguistics;Literature;design;programming;theoretical subjects","soft materials","Tablet","Paper notebooks","Draw a simple mind map on paper","Yes","3","4","2","Soft materials","4","2","Soft Materials","3","No","4","3","1","Indoor","Hard materials","ÿßŸÜŸá ŸÖÿ±Ÿäÿ≠ ŸÑŸä","2","1",""
"2024/04/14 2:19:37 pm EET","19","Female","Second Year","Hard materials","Science;Mathematics;Literature;design;programming;theoretical subjects","Science;Linguistics;design;programming;practical subjects","soft materials","Laptop","Paper notebooks;Books","Draw a simple mind map on paper;Write down important information on small cards;Use online quiz-making platforms","Yes","2","4","1","Hard materials","2","1","Hard Materials","3","Hard material make you write ,make a graph for your mind could highlight sentence with amore deeptest focus of this words,and it make you more flexible to use more one page in same time to exclude &conclude useful information ","2","3","2","Indoor","Hard materials","As i am in the hight focus environment with less distracted affect ,and i could talk ,listen to myself ,write , take more space to perform and practice my eye and memory to save it more accurate","3","1","Thanks ,good survey 
Good luck .
Just suggest how we could reach easily to hardcopy with effictive way "
"2024/04/14 2:51:20 pm EET","21","Female","Second Year","Both","Science","Linguistics","both","Tablet","Paper notebooks;Sticky notes","Draw a simple mind map on paper;Write down important information on small cards;Create a timeline using digital tools","Yes","4","3","4","Both","3","3","Both","3","No","4","3","4","Outdoor","Soft materials","Because it's nice","4","3","No"
"2024/04/14 4:01:12 pm EET","19","Female","Second Year","Both","Science;Mathematics;Linguistics;Literature;theoretical subjects;practical subjects","Linguistics;Literature;design;programming;practical subjects","soft materials","Laptop","Paper notebooks","Draw a simple mind map on paper","No","3","3","2","Both","1","1","Both","2","Yes , with hard material I feel stressed if I couldn't remember all the information I wrote or highlighted which makes me not to remember the only things I have to while answering a question, with soft materials it feels vague to remember sometimes ","3","2","1","Indoor","Hard materials","As if I needed anything I could get more easily, also it feels comfortable ","2","2",""
"2024/04/14 4:05:16 pm EET","19","Female","Second Year","Both","Mathematics;theoretical subjects;practical subjects","programming","soft materials","Tablet","Paper notebooks","Draw a simple mind map on paper;Write down important information on small cards","Yes","3","3","1","Soft materials","2","1","Soft Materials","0","Yes","4","2","3","Indoor","Soft materials","Easy to move over places","1","3",""
"2024/04/14 4:07:57 pm EET","20","Male","Second Year","Both","Science;Mathematics;programming;practical subjects","Mathematics;programming;practical subjects","both","Laptop","Paper notebooks","Write down important information on small cards","No","3","2","4","Hard materials","3","3","Soft Materials","2","When studying with soft material it's hard to always remember the information because in my case if I need to remember something I have to summarize it and write it in my own way","3","2","3","Indoor","Hard materials","Because in my home (indoor) I have all the tools I need to study and don't have to carry it wherever I go","2","3","No"
"2024/04/14 4:15:36 pm EET","21","Male","Second Year","Soft materials","Science;Linguistics;Literature;design;programming;theoretical subjects;practical subjects","Mathematics","soft materials","Tablet","Paper notebooks","Draw a simple mind map on paper;Use online quiz-making platforms","Yes","4","2","0","Soft materials","1","2","Hard Materials","3","no","4","2","4","Indoor","Soft materials","i can study anywhere without others feeling that i am studying.","4","2",""
"2024/04/14 4:19:13 pm EET","24","Male","Second Year","Both","Mathematics;Linguistics;practical subjects","Science;Literature;design;programming;theoretical subjects","soft materials","Laptop","Paper notebooks","Arrange them in files in my computer","No","4","3","0","Hard materials","0","1","Both","0","Soft is better as i am used to learning from the internet so it comes more naturally ","3","3","0","Indoor","Soft materials","Less nosie, and weather can't have that much of an effect","3","2","Hard is good when you know you will use this info in the long run, while soft is quick reliable and less costly on something that may not be useful later on"
"2024/04/14 4:21:19 pm EET","20","Male","Second Year","Both","Mathematics;Linguistics;design;theoretical subjects;practical subjects","programming;practical subjects","soft materials","Laptop","Paper notebooks","Draw a simple mind map on paper","No","3","4","1","Soft materials","1","3","Soft Materials","1","NO","4","0","3","Indoor","Soft materials","soft materials as laptop, tablet are portable ,more systematic ","4","0","NO"
"2024/04/14 4:25:15 pm EET","20","Male","Second Year","Soft materials","Mathematics;Linguistics;Literature","Science;Mathematics;design;programming;theoretical subjects;practical subjects","soft materials","Laptop","Paper notebooks","Write down important information on small cards","No","4","3","1","Soft materials","1","2","Soft Materials","0","no","4","1","2","Indoor","Soft materials","because it is all in one space without need to get it from more than book","4","1",""
"2024/04/14 5:11:15 pm EET","22","Female","Third Year","Soft materials","Science;Mathematics;theoretical subjects;practical subjects","Science;Mathematics;Linguistics;Literature;design;programming;theoretical subjects;practical subjects","soft materials","Laptop","Paper notebooks;Sticky notes","Draw a simple mind map on paper;Write down important information on small cards;Create a timeline using digital tools","Yes","2","3","2","Both","2","2","Both","3","No","2","2","2","Indoor","Soft materials","There is a WiFi and a quite place and place to charge my laptop","2","2",""
"2024/04/14 5:23:48 pm EET","20","Female","Second Year","Both","Science;Mathematics;theoretical subjects","Linguistics;Literature;design;programming","soft materials","Laptop","Paper notebooks","Use online quiz-making platforms","Yes","4","3","3","Both","2","1","Both","3","No","3","2","3","Indoor","Hard materials","Because it's easier to have hard materials indoor rather than getting out with them","2","2",""
"2024/04/14 5:43:24 pm EET","19","Male","Second Year","Hard materials","Science;Mathematics;Literature;design;theoretical subjects;practical subjects","Linguistics;programming","soft materials","Laptop","Paper notebooks","Create a timeline using digital tools","Yes","3","4","2","Soft materials","1","2","Soft Materials","0","I tend to focus on more details when i read on hard material ","3","2","3","Indoor","Hard materials","Less distraction, less blue light ","3","3",""
"2024/04/14 5:57:52 pm EET","22","Female","Fourth Year","Both","Science;Linguistics","Science;Linguistics","soft materials","My phone ","Paper notebooks","Draw a simple mind map on paper;Write down important information on small cards;Create a timeline using digital tools;Use online quiz-making platforms","Yes","4","1","2","Soft materials","1","4","Soft Materials","2","No, i didn't find any differences","3","1","3","Indoor","Hard materials","No noise, there is too calm, and it is comfortable ","3","3","U can add podcasts and sound lectures to the soft material category "
"2024/04/14 6:20:06 pm EET","20","Male","Second Year","Soft materials","Science;Literature;theoretical subjects","Mathematics;design;programming;practical subjects","soft materials","PC","Sticky notes","Draw a simple mind map on paper;Write down important information on small cards","No","3","3","2","Soft materials","3","2","Soft Materials","2","No","3","2","2","Outdoor","Soft materials","Because I like it ","3","2","No"
"2024/04/14 6:32:06 pm EET","19","Female","Second Year","Both","Science;Mathematics;Linguistics;Literature","design;programming;theoretical subjects;practical subjects","soft materials","Laptop","Paper notebooks","Draw a simple mind map on paper;Write down important information on small cards;Use online quiz-making platforms","No","4","2","2","Both","2","2","Both","3","No difference ","3","2","3","Indoor","Soft materials","Because easy to use anytime ","2","2",""
"2024/04/14 7:14:23 pm EET","20","Male","Second Year","Soft materials","Science;Mathematics;Linguistics","Science;Mathematics;Linguistics","hard materials","Laptop","","Write down important information on small cards","Yes","2","0","0","Hard materials","1","1","Hard Materials","2","No","3","3","2","Outdoor","Soft materials","Yes","3","3",""
"2024/04/14 7:30:41 pm EET","18","Female","Third Year","Soft materials","Science;Mathematics;Linguistics","Science;Mathematics;Linguistics","soft materials","Laptop","Paper notebooks","Use online quiz-making platforms","Yes","4","1","0","Soft materials","4","0","Soft Materials","2","Yes","1","0","2","Indoor","Soft materials","To cheap  ","0","1","Soft materials"
"2024/04/14 7:37:41 pm EET","21","Female","First Year","Both","Science;Linguistics;theoretical subjects","Mathematics;design;practical subjects","soft materials","Laptop","Sticky notes","Draw a simple mind map on paper","Yes","4","2","3","Both","2","1","Both","1","No","2","4","2","Indoor","Hard materials","Because it is easier and simpler","2","3","No"
"2024/04/15 1:18:19 am EET","21","Male","Second Year","Soft materials","theoretical subjects","Science;Mathematics;Linguistics;Literature;design;programming;practical subjects","soft materials","Laptop","Paper notebooks;Sticky notes","Draw a simple mind map on paper;Create a timeline using digital tools","Yes","4","0","2","Soft materials","1","2","Soft Materials","2","No","4","1","2","Indoor","Soft materials","Finish fast","4","1","No"
"2024/04/15 1:21:15 am EET","19","Male","Second Year","Hard materials","Science;Mathematics;Linguistics;Literature;design;theoretical subjects","programming;practical subjects","hard materials","","Paper notebooks","Draw a simple mind map on paper;Write down important information on small cards","No","2","4","0","Both","0","3","Hard Materials","0","Hard materials help me to remember information ","4","4","0","Indoor","Hard materials","To keep my self focused in quiet places ","4","4",""
"2024/04/15 1:21:38 am EET","21","Male","Second Year","Soft materials","theoretical subjects","Science;Mathematics;Linguistics;Literature;design;programming;practical subjects","soft materials","Laptop","Paper notebooks;Sticky notes","Draw a simple mind map on paper;Create a timeline using digital tools","Yes","4","1","4","Soft materials","1","2","Soft Materials","2","No","4","1","1","Indoor","Soft materials","Finish fast","4","1","No"
"2024/04/15 1:23:21 am EET","20 ","Male","Second Year","Both","theoretical subjects","practical subjects","both","Laptop","Paper notebooks;Sticky notes","Draw a simple mind map on paper;Write down important information on small cards;Create a timeline using digital tools;Use online quiz-making platforms","No","2","4","2","Both","0","4","Both","0","There is no difference ","4","4","0","Indoor","Hard materials","I like to study at home because it is comfortable ","4","4",""
"2024/04/15 1:27:25 am EET","19","Male","Second Year","Soft materials","theoretical subjects","Science;Mathematics;Linguistics;Literature;design;programming;practical subjects","soft materials","Laptop","Paper notebooks;Sticky notes","Draw a simple mind map on paper;Create a timeline using digital tools","Yes","4","1","4","Soft materials","1","2","Soft Materials","2","No","4","1","2","Indoor","Soft materials","Finish fast ","4","1","No"
"2024/04/15 1:29:38 am EET","21","Male","Second Year","Soft materials","theoretical subjects","Science;Mathematics;Linguistics;Literature;design;programming;practical subjects","soft materials","Laptop","Paper notebooks;Sticky notes","Draw a simple mind map on paper;Create a timeline using digital tools","Yes","2","1","3","Soft materials","2","2","Soft Materials","1"," No","4","1","2","Indoor","Soft materials","Finish  fast","4","1","No"
"2024/04/15 1:58:42 am EET","21","Male","Second Year","Soft materials","theoretical subjects","Science;Mathematics;Linguistics;Literature;design;programming;practical subjects","soft materials","","Paper notebooks;Sticky notes","Draw a simple mind map on paper;Create a timeline using digital tools","Yes","4","1","4","","1","2","Soft Materials","2","No","4","1","1","Indoor","Soft materials","Finish fast","4","1","No"
"2024/04/16 12:50:32 am EET","21","Female","Third Year","Both","Science;Mathematics;Linguistics;Literature;theoretical subjects","design;programming;practical subjects","soft materials","Laptop","Paper notebooks","Draw a simple mind map on paper","Yes","4","3","1","Both","2","1","Soft Materials","2","No","4","4","4","Indoor","Soft materials",".","3","3",""